Company Name,Phone,Address
Kelley Peter J PLC,Phone: (734) 668-1344,"339 E Liberty St, Ann Arbor, MI  48104"
Hessenaur & Associates CPA PC,Phone: (734) 663-9306,"326 S State St, Ann Arbor, MI  48104"
Brian H Melton Certified Public Accountant,Phone: (734) 662-0277,"206 S 4th Ave, Ann Arbor, MI  48104"
SUSAN GALARDI ACCOUNTING,Phone: (734) 662-6868,"202 E Washington St, Ann Arbor, MI  48104"
Edwards Ellis Armstrong & Co PC,Phone: (734) 662-0277,"206 S 4th Ave Ste 2, Ann Arbor, MI  48104"
Richard A Edwards CPA,Phone: (734) 662-0277,"206 S 4th Ave Ste 2, Ann Arbor, MI  48104"
Baulch Terrance E Cpa,Phone: (734) 930-0800,"103 E Liberty St Ste 207, Ann Arbor, MI  48104"
Conlan Mary CPA,Phone: (734) 741-4700,"103 E Liberty St Ste 202, Ann Arbor, MI  48104"
Conlan & Sidney PC,Phone: (734) 741-4700,"103 E Liberty St Ste 212, Ann Arbor, MI  48104"
Renaissance Financial Group,Phone: (734) 994-1288,"320 N Main St # 104, Ann Arbor, MI  48104"
Brian Cfa Weisman CPA Cfp,Phone: (734) 665-1454,"213 W Liberty St, Ann Arbor, MI  48104"
Wieland Kathleen Cpa,Phone: (734) 996-0105,"205 N 1ST St, Ann Arbor, MI  48104"
Ann Arbor Tax Svc Inc,Phone: (734) 761-8144,"340 Nickels Arc, Ann Arbor, MI  48104"
Alcock & Williams Llc,Phone: (734) 747-7400,"224 Buena Vista Ave, Ann Arbor, MI  48103"
Susan Galardi Accounting,Phone: (734) 662-6868,"315 2ND St, Ann Arbor, MI  48103"
Bennett and Associates CPAs PLLC,Phone: (734) 622-8015,"100 Huronview Blvd, Ann Arbor, MI  48103"
James H Bennett Cpa Pllc,Phone: (734) 622-7000,"100 Huronview Blvd, Ann Arbor, MI  48103"
Benz Stephanie King CPA,Phone: (734) 662-1122,"35 Research Dr Ste 200, Ann Arbor, MI  48103"
Michael S Kaslik CPA,Phone: (734) 995-4455,"1123 Vesper Rd, Ann Arbor, MI  48103"
,,
20 rows have been extracted. Trial version supports extracting only 20 rows. Purchased version of Automation Anywhere does not have this limitation.,,
